,total_bill,tip,size,tip_perc
count,87.0,87.0,87.0,87.0
mean,18.056896551724137,2.833448275862069,2.4597701149425286,16.649073632892485
std,8.009208988951961,1.1594945045210154,0.9376442239593888,5.3631726229947505
min,3.07,1.0,1.0,5.643340857787811
25%,12.75,2.0,2.0,14.04164487840004
50%,16.4,2.75,2.0,15.558148580318942
75%,21.520000000000003,3.5,3.0,19.42662127391307
max,44.3,6.5,6.0,41.66666666666667
