,total_bill,tip,size,tip_perc
count,157.0,157.0,157.0,157.0
mean,20.744076433121034,3.0896178343949052,2.6305732484076434,15.765054700429744
std,9.24646876154476,1.489101813842018,0.9559974265321924,6.477787270951387
min,7.25,1.0,1.0,3.563813585135547
25%,14.0,2.0,2.0,12.138868657441128
50%,18.35,3.0,2.0,15.349194167306218
75%,24.71,3.76,3.0,18.62396204033215
max,50.81,10.0,6.0,71.0344827586207
